timesteps,mean_eval_reward,std_eval_reward
50000,19.590643,0.0
100000,45.754269,0.0
150000,56.341863,0.0
200000,72.113526,0.0
250000,-513.050598,0.0
300000,-537.940826,0.0
350000,-548.996383,0.0
400000,-534.436263,0.0
450000,-512.141642,0.0
500000,-513.269774,0.0
