timesteps,mean_eval_reward,std_eval_reward
50000,28.98976,0.0
100000,-461.544529,0.0
150000,88.96861,0.0
200000,94.08446099999999,1.4210854715202004e-14
250000,94.369302,0.0
300000,99.134859,0.0
350000,-502.632947,0.0
400000,-496.315253,0.0
450000,110.855284,0.0
500000,-491.447929,0.0
