timesteps,mean_eval_reward,std_eval_reward
50000,61.827498,0.0
100000,88.574542,0.0
150000,106.16450100000002,1.4210854715202004e-14
200000,108.692551,0.0
250000,123.166644,0.0
300000,124.643513,0.0
350000,131.554246,0.0
400000,133.548409,0.0
450000,138.059035,0.0
500000,130.949302,0.0
